{
  "Rambro": {
    "name": "",
    "subtitle1": "",
    "subtitle2": ""
  },
  "Brommando": {
    "name": "",
    "subtitle1": "",
    "subtitle2": ""
  },
  "BaBroracus": {
    "name": "",
    "subtitle1": "",
    "subtitle2": ""
  },
  "BrodellWalker": {
    "name": "",
    "subtitle1": "",
    "subtitle2": ""
  },
  "Brade": {
    "name": "",
    "subtitle1": "",
    "subtitle2": ""
  },
  "McBrover": {
    "name": "",
    "subtitle1": "",
    "subtitle2": ""
  },
  "BroInBlack": {
    "name": "",
    "subtitle1": "",
    "subtitle2": ""
  },
  "Brobocop": {
    "name": "",
    "subtitle1": "",
    "subtitle2": ""
  },
  "BroDredd": {
    "name": "",
    "subtitle1": "",
    "subtitle2": ""
  },
  "BroHard": {
    "name": "",
    "subtitle1": "",
    "subtitle2": ""
  },
  "MadMaxBrotansky": {
    "name": "",
    "subtitle1": "",
    "subtitle2": ""
  },
  "SnakeBroSkin": {
    "name": "",
    "subtitle1": "",
    "subtitle2": ""
  },
  "Brominator": {
    "name": "",
    "subtitle1": "",
    "subtitle2": ""
  },
  "IndianaBrones": {
    "name": "",
    "subtitle1": "",
    "subtitle2": ""
  },
  "AshBrolliams": {
    "name": "",
    "subtitle1": "",
    "subtitle2": ""
  },
  "MrAnderbro": {
    "name": "",
    "subtitle1": "",
    "subtitle2": ""
  },
  "BoondockBros": {
    "name": "",
    "subtitle1": "",
    "subtitle2": ""
  },
  "Brochete": {
    "name": "",
    "subtitle1": "",
    "subtitle2": ""
  },
  "BronanTheBrobarian": {
    "name": "",
    "subtitle1": "",
    "subtitle2": ""
  },
  "EllenRipbro": {
    "name": "",
    "subtitle1": "",
    "subtitle2": ""
  },
  "CherryBroling": {
    "name": "",
    "subtitle1": "",
    "subtitle2": ""
  },
  "TimeBro": {
    "name": "",
    "subtitle1": "",
    "subtitle2": ""
  },
  "ColJamesBroddock": {
    "name": "",
    "subtitle1": "",
    "subtitle2": ""
  },
  "BroniversalSoldier": {
    "name": "",
    "subtitle1": "",
    "subtitle2": ""
  },
  "BroneyRoss": {
    "name": "",
    "subtitle1": "",
    "subtitle2": ""
  },
  "LeeBroxmas": {
    "name": "",
    "subtitle1": "",
    "subtitle2": ""
  },
  "BronnarJensen": {
    "name": "",
    "subtitle1": "",
    "subtitle2": ""
  },
  "BroCaesar": {
    "name": "",
    "subtitle1": "",
    "subtitle2": ""
  },
  "TrentBroser": {
    "name": "",
    "subtitle1": "",
    "subtitle2": ""
  },
  "BroctorDeath": {
    "name": "",
    "subtitle1": "",
    "subtitle2": ""
  },
  "TollBroad": {
    "name": "",
    "subtitle1": "",
    "subtitle2": ""
  },
  "TheBrode": {
    "name": "",
    "subtitle1": "",
    "subtitle2": ""
  },
  "BroMax": {
    "name": "",
    "subtitle1": "",
    "subtitle2": ""
  },
  "DoubleBroSeven": {
    "name": "",
    "subtitle1": "",
    "subtitle2": ""
  },
  "TheBrodator": {
    "name": "",
    "subtitle1": "",
    "subtitle2": ""
  },
  "TheBrofessional": {
    "name": "",
    "subtitle1": "",
    "subtitle2": ""
  },
  "BrondleFly": {
    "name": "",
    "subtitle1": "",
    "subtitle2": ""
  },
  "BroHeart": {
    "name": "",
    "subtitle1": "",
    "subtitle2": ""
  },
  "TheBrocketeer": {
    "name": "",
    "subtitle1": "",
    "subtitle2": ""
  },
  "TankBro": {
    "name": "",
    "subtitle1": "",
    "subtitle2": ""
  },
  "Broden": {
    "name": "",
    "subtitle1": "",
    "subtitle2": ""
  },
  "TheBrolander": {
    "name": "",
    "subtitle1": "",
    "subtitle2": ""
  },
  "BroLee": {
    "name": "",
    "subtitle1": "",
    "subtitle2": ""
  },
  "DirtyBrody": {
    "name": "",
    "subtitle1": "",
    "subtitle2": ""
  },
  "CaseyBroback": {
    "name": "",
    "subtitle1": "",
    "subtitle2": ""
  },
  "Xebro": {
    "name": "",
    "subtitle1": "",
    "subtitle2": ""
  },
  "ScorpionBro": {
    "name": "",
    "subtitle1": "",
    "subtitle2": ""
  },
  "Broffy": {
    "name": "",
    "subtitle1": "",
    "subtitle2": ""
  },
  "Desperabro": {
    "name": "",
    "subtitle1": "",
    "subtitle2": ""
  },
  "BroGummer": {
    "name": "",
    "subtitle1": "",
    "subtitle2": ""
  },
  "ChevBrolios": {
    "name": "",
    "subtitle1": "",
    "subtitle2": ""
  },
  "DemolitionBro": {
    "name": "",
    "subtitle1": "",
    "subtitle2": ""
  },
  "SuicideBro": {
    "name": "",
    "subtitle1": "",
    "subtitle2": ""
  }
}